Carl,Gibson
Alexander,Edmunds
Harry,Hemmings
William,Peters
Colin,Buckland
Hannah,Buckland
Emma,Martin
Sebastian,Scott
Madeleine,Tucker
Luke,Short
Sue,Clark
Alan,Clark
Alison,Hardacre
Andrea,Reid
Harry,Slater
Natalie,Wright
Donna,Harris
Christian,McGrath
Gordon,Sanderson
Yvonne,McGrath
Zoe,Miller
Sam,Roberts
Victor,Hunter
Anne,Lee
Rose,Chapman
Leonard,Paige
Jonathan,Terry
Alison,Avery
Donna,Hodges
Joanne,Hodges
Harry,McDonald
Cameron,Bond
Matt,Ball
Victor,Dyer
Audrey,Watson
Jonathan,Wallace
Jason,Walker
Trevor,Jackson
Samantha,Knox
Simon,North
Keith,Grant
Fiona,Rampling
Michael,Arnold
Julia,Kerr
Edward,Turner
Molly,Thomson
Stephen,Hodges
Peter,Lyman
Amanda,Duncan
Andrew,Nash
Peter,Black
Dylan,Vance
Vanessa,Powell
David,Lewis
Anthony,Greene
Deirdre,Wilson
Ryan,Poole
Diane,Nolan
Maria,MacLeod
Ryan,Metcalfe
Justin,Churchill
Richard,Wilkins
Colin,MacDonald
Caroline,Wilson
Jack,Sharp
Irene,Lambert
Melanie,Poole
Emily,Skinner
Stephen,Ross
Karen,Roberts
Brian,Skinner
Jasmine,Hughes
Luke,Berry
Stephanie,Chapman
Simon,Mackenzie
Leonard,Vance
Michael,Mathis
Chloe,Lawrence
Trevor,King
Emma,Metcalfe
Zoe,Cameron
Connor,Oliver
Jake,Parr
Rose,Graham
Brian,Davidson
Penelope,Gibson
Oliver,Cameron
Amy,Abraham
Evan,Dyer
Adam,Hart
Bernadette,Kelly
Michael,Cornish
Lauren,Ross
Julian,Mackenzie
Theresa,Vance
Gordon,McGrath
Deirdre,Oliver
Victor,James
Wendy,Wilson
Deirdre,Buckland
Nicholas,Forsyth
Carol,Dickens
Peter,Mathis
Theresa,Ellison
Joseph,Hamilton
Paul,Mackay
Jessica,Walsh
Bella,Hart
Harry,Sharp
Nicholas,Lawrence
Andrew,Vaughan
Olivia,Lawrence
Ryan,Clark
Eric,Carr
Gordon,Walker
Felicity,Hunter
Simon,McDonald
Frank,Blake
Jack,Payne
Trevor,Rampling
Alan,Quinn
Jake,Dyer
Alexander,Wilkins
Hannah,Miller
Karen,Springer
Sarah,Welch
Sally,Parr
Andrea,Berry
Rebecca,Paige
Deirdre,Mathis
Adam,Black
Victoria,Ross
Max,Abraham
Jack,Coleman
Jake,Nash
Ava,Dowd
Ella,Carr
Molly,MacDonald
Isaac,Henderson
Frank,Newman
Sophie,Young
Max,Butler
Grace,Quinn
Jack,Mills
Julian,Dyer
Chloe,Blake
Virginia,Mackay
Jasmine,Martin
Steven,Hodges
Sam,Slater
Jasmine,Bower
Harry,White
Rebecca,Taylor
John,Blake
John,Springer
Wanda,Roberts
Elizabeth,King
Lily,Newman
Neil,MacDonald
Victoria,Springer
Faith,Lyman
Fiona,Pullman
Megan,Peake
Jan,Wright
Benjamin,Arnold
Edward,Manning
Carolyn,Bower
Lisa,Vance
Wendy,North
Anthony,Reid
Sarah,Ince
Nathan,Quinn
Lisa,Springer
Joe,Skinner
Joshua,Smith
Warren,Langdon
Evan,Nash
Theresa,Skinner
Virginia,Walsh
Brian,Peters
Melanie,Hemmings
Anthony,Pullman
Tim,Glover
Thomas,Springer
Kevin,Poole
Christopher,Rutherford
Jennifer,Springer
Amanda,Bond
Gavin,Hudson
Sue,Hardacre
Jan,Jones
Olivia,Watson
Thomas,Edmunds
Victor,Clark
Joe,Clarkson
Brian,Pullman
Adam,Morrison
Oliver,Avery
Ava,Wilkins
Jasmine,Hemmings
